{
    "oddeyrarskóli": [65.68888255 , -18.0928553117381],
    "austurbæjarskóli": [64.1420519 , -21.924132243926],
    "breiðholtsskóli": [64.10722125 , -21.8346992995513],
    "brekkubæjarskóli": [64.3206169 , -22.0818351690436],
    "brekkuskóli": [65.678752 , -18.0947797915407],
    "dalvíkurskóli": [65.9694779 , -18.5325967],
    "digranesskóli": [64.1106261 , -21.8644799321525],
    "engjaskóli": [64.14912855 , -21.7768103339055],
    "fellaskóli": [64.10228055 , -21.8225164472467],
    "flúðaskóli": [64.1300552 , -20.3229621],
    "foldaskóli": [64.13411125 , -21.7938076035615],
    "garðaskóli": [64.0893168 , -21.9284614424436],
    "giljaskóli": [65.6859832 , -18.1344326094951],
    "glerárskóli": [65.68914265 , -18.1182178740664],
    "grenivíkurskóli": [65.9490391 , -18.1723643],
    "grindavík": [63.844239 , -22.4317498],
    "grundarfjarðarbær": [64.9370202 , -23.3957565037412],
    "grundaskóli": [64.3182582 , -22.05434246092],
    "grunnskóli bolungarvíkur": [66.15605835 , -23.2539131177922],
    "grunnskóli fjallabyggðar": [66.1529976 , -18.9115950440728],
    "grunnskóli húnaþings vestra": [65.3986628 , -20.9419276067364],
    "grunnskóli reyðarfjarðar": [65.03508475 , -14.2135097932899],
    "grunnskólinn hellu": [63.8366148 , -20.3987616141965],
    "grunnskólinn á hellu": [63.8366148 , -20.3987616141965],
    "grunnskólinn á hólmavík": [65.70611055 , -21.6746055107995],
    "grunnskólinn á þingeyri": [65.8749506 , -23.4876848517946],
    "grunnskólinn í borgarnesi": [64.5388942 , -21.9228707018397],
    "grunnskólinn í hveragerði": [64.0003799 , -21.1822276],
    "grunnskólinn í stykkishólmi": [65.07230875 , -22.7281356529184],
    "grunnskólinn í þorlákshöfn": [63.8535389 , -21.3828587241221],
    "hafralækjarskóli": [65.8755439 , -17.432686],
    "hagaskóli": [64.1406558 , -21.957849309525],
    "hallormsstaðaskóli": [65.09266885 , -14.7400456209427],
    "hamraskóli": [64.13832 , -21.8129038133151],
    "heiðarskóli": [64.4178028 , -21.8536650624168],
    "heppuskóli": [64.2539976 , -15.2073592128498],
    "hlíðaskóla": [64.13079595 , -21.90818955],
    "hlíðaskóli": [64.1309258 , -21.9100398199558],
    "hrafnagilsskóli": [65.5728665 , -18.0929628],
    "hraunvallaskóli": [64.04605395 , -21.9784864073143],
    "hvaleyrarskóli": [64.05453815 , -21.9806442200958],
    "hvassaleitisskóli": [64.12807145 , -21.882602852252],
    "háteigsskóli": [64.1369692 , -21.8983099],
    "hólabrekkuskóli": [64.10723625 , -21.8181407970864],
    "höfðaskóli": [65.8237947 , -20.3040713126144],
    "hörðuvallaskóli": [64.0852777 , -21.8268702359238],
    "ingunnarskóli": [64.12553515 , -21.7580774720768],
    "kelduskóli - vík": [64.1527886 , -21.7792415],
    "klébergsskóli": [64.2377245 , -21.8263372],
    "korpuskóli": [64.15206125 , -21.7631298412042],
    "kársnesskóli": [64.1092082 , -21.9240574],
    "kópavogsskóli": [64.11094075 , -21.9005183444269],
    "lundarskóli": [65.675612 , -18.1152779781894],
    "langholtsskóli": [64.13801465 , -21.8612379873623],
    "laugalækjarskóli": [64.1474205 , -21.8787504202352],
    "lindaskóli": [64.09931105 , -21.8681314047686],
    "litlulaugaskóli": [65.7208328 , -17.3526064],
    "lágafellsskóli": [64.16569885 , -21.7241060275369],
    "lækjarskóli": [64.0678455 , -21.9407846856836],
    "mosfellsbær": [64.14604315 , -21.5689902156864],
    "nesskóli": [65.1476492 , -13.6782539395161],
    "njarðvíkurskóli": [63.9879667 , -22.5437695],
    "norðlingaskóli": [64.1013219 , -21.7724973563307],
    "reykholtsskóli": [64.66403015 , -21.2918414907334],
    "rimaskóli": [64.14548275 , -21.795198463929],
    "réttarholtsskóli": [64.12338925 , -21.8649996602207],
    "salaskóli": [64.09115195 , -21.8554792863787],
    "seljaskóli": [64.09554315 , -21.8394210890423],
    "setbergsskóli": [64.0654754 , -21.9319454087842],
    "sjálandsskóli": [64.0929042 , -21.9373331492401],
    "smáraskóli": [64.102663 , -21.8954858711284],
    "snælandsskóli": [64.11581355 , -21.8776395992458],
    "stóru-vogaskóli": [63.9829169 , -22.3876191548333],
    "sunnulækjarskóli": [63.9254855 , -20.9954481428544],
    "suðurhlíðarskóli": [64.12141395 , -21.9020050843892],
    "sveitarfélagið hornafjörður": [64.23340235 , -15.8094384718722],
    "sæmundarskóli": [64.12539235 , -21.7392278456279],
    "síðuskóli": [65.6924314 , -18.1372135259008],
    "tjarnarskóli": [64.1456188 , -21.9394618455679],
    "vallaskóli": [63.93640765 , -20.9980132995666],
    "vogaskóli": [64.1312198 , -21.8595889976288],
    "valhúsaskóli": [64.15106265 , -21.9953861973705],
    "varmahlíðarskóli": [65.5526169 , -19.4507889407149],
    "varmalandsskóli": [64.6899022 , -21.5926454961919],
    "varmárskóli": [64.1698518 , -21.6925398],
    "vatnsendaskóli": [64.08916345 , -21.8059357892693],
    "vopnafjarðarskóli": [65.7575781 , -14.8250470753573],
    "vættaskóli - engi": [64.1490955 , -21.7763455244249],
    "víkurskóli": [64.1533823 , -21.7776097879381],
    "víðistaðaskóli": [64.0753307 , -21.958285659699],
    "álfhólsskóli": [64.1106261 , -21.8644799321525],
    "álftanesskóli": [64.1047339 , -22.0174135],
    "árbæjarskóli": [64.1161076 , -21.7965193],
    "áslandsskóli": [64.0552032 , -21.944018948509],
    "ölduselsskóli": [64.10004835 , -21.8493081359199],
    "öldutúnsskóli": [64.0624296 , -21.9467180719187],
    "akranes": [64.3170806, -22.0833512],
    "vættaskóli": [64.1490955, -21.7763455244249],

    "akurskóli": [63.97491, -22.51188],
    "þelamerkurskóli": [65.74192, -18.27997],
    "blönduskóli": [65.65919, -20.28234],
    "öxarfjarðarskóli": [66.3020, -16.4464],

    "grunnskólinn á ísafirði": [66.0748, -23.1309],
    "borgarhólsskóli": [66.04517,-17.33595],
    "holtaskóli": [63.99452,-22.55459],
    "brekkuskóli á akureyri": [65.67863,-18.09526],
    "árskóli": [65.74274,-19.64270],
    "grunnskóli vestmannaeyja": [63.43516,-20.28877],
    "myllubakkaskóli": [64.00111,-22.55802],
    "álftamýrarskóli": [64.13462,-21.89274],
    "húsaskóli": [64.13845,-21.78479],
    "borgaskóli": [64.1490955, -21.7763455244249],
    "grunnskóli grindavíkur": [63.84682,-22.42733],
    "grunnskólinn í grindavík": [63.84682,-22.42733],
    "grunnskóli seltjarnarness": [64.15022,-21.99573],
    "egilsstaðaskóli": [65.26545,-14.39473],
    "grunnskólinn egilsstöðum eiðum": [65.26545,-14.39473],
    "grunnskóli hornafjarðar": [64.25301,-15.21142],
    "hamarsskóli": [63.43516,-20.28877],
    "grunnskóli siglufjarðar": [66.15076,-18.90522],
    "grunnskólinn í sandgerði": [64.03392,-22.69957],
    "hjallaskóli": [64.11073,-21.86439],
    "grunnskólinn á eskifirði": [65.07052,-14.01071],
    "barnaskólinn í vestmannaeyjum": [63.43516,-20.28877],
    "sandvíkurskóli": [63.93640765 , -20.9980132995666],
    "gerðaskóli": [64.07257,-22.65379],
    "grunnskóli grundarfjarðar": [64.92150,-23.25834],

    "heiðarskóli - reykjanesbæ": [64.00728,-22.57547],
    "hvolsskóli": [63.75327,-20.22977],
    "grunnskóli snæfellsbæjar": [64.89689,-23.71267],
    "sólvallaskóli": [63.93640765 , -20.9980132995666],
    "grunnskólinn í ólafsvík": [64.89689,-23.71267],
    "seyðisfjarðarskóli": [65.25969,-14.00567],
    "húnavallaskóli": [65.5409,-20.2066],
    "grunnskóli borgarfjarðar": [64.6560,-21.4007],
    "landakotsskóli": [64.14819,-21.94881],
    "grunnskóli fáskrúðsfjarðar": [64.93258,-14.01561],
    "akraneskaupstaður": [64.3206169 , -22.0818351690436],
    "grunnskólinn á þórshöfn": [66.20133,-15.33842],
    "kleppjárnsreykjaskóli": [64.6560,-21.4007],
    "grunnskóli vesturbyggðar": [65.59685,-23.98803],
    "barnaskólinn á eyrarbakka og stokkseyri": [63.86134,-21.14289],
    "valsárskóli": [65.7488,-18.0818],
    "grunnskólinn á blönduósi": [65.65919, -20.28234],
    "grunnskólinn í ólafsfirði": [66.1529976 , -18.9115950440728],
    "reykjahlíðarskóli": [65.6418,-16.9111],
    "grunnskóli seltj-mýrarh/valhús": [64.15022,-21.99573]
}