{
    "Fjölbrautaskólinn í Garðabæ" : [ 64.092585 , -21.903221 ],
    "Fjölbrautaskólinn í Breiðholti" : [ 64.1057506 , -21.8183316161599 ],
    "Iðnskólinn í Reykjavík" : [ 64.07521575 , -21.9460637558568 ],
    "Framhaldsskólinn í Vestmannaeyjum" : [ 63.43508005 , -20.2712967449493 ],
    "Menntaskólinn við Hamrahlíð" : [ 64.13038825 , -21.9053951547521 ],
    "Fjölbrautaskóli Suðurlands" : [ 63.9320787 , -20.9972856260644 ],
    "Flensborgarskólinn í Hafnarfirði" : [ 64.06482215 , -21.950644723243 ],
    "Menntaskólinn í Kópavogi" : [ 64.11084775 , -21.8951188425406 ],
    "Menntaskólinn á Ísafirði" : [ 66.0740776 , -23.1315077 ],
    "Borgarholtsskóli" : [ 64.14983135 , -21.7813700489316 ],
    "Verkmenntaskólinn á Akureyri" : [ 65.67148165 , -18.1014655817228 ],
    "Verkmenntaskóli Austurlands" : [ 65.1489363 , -13.6795178440905 ],
    "Menntaskólinn á Akureyri" : [ 65.6767146 , -18.0929742 ],
    "Framhaldsskólinn á Húsavík" : [ 66.0458118 , -17.3339786 ],
    "Framhaldsskólinn á Laugum" : [ 65.7220845 , -17.3582469 ],
    "Fjöltækniskóli Íslands" : [ 64.1392036 , -21.9022429898174 ],
    "Verzlunarskóli Íslands" : [ 64.12798435 , -21.8971932659178 ],
    "Menntaskóli Borgarfjarðar" : [ 64.5417263 , -21.9122578625524 ],
    "Tækniskólinn" : [ 64.14251885 , -21.9254833056422 ],
    "Framhaldsskólinn í Mosfellsbæ" : [ 64.16522955 , -21.7040768380347 ],
    "Menntaskólinn við Sund" : [ 64.131242 , -21.859189562212 ],
    

    "Framhaldsskólinn í A-Skaftaf": [64.25301, -15.21264],
    "Fjölbrautaskóli Suðurnesja": [63.99710, -22.56137],
    "Fjölbrautaskólinn við Ármúla": [64.13775,-21.88410],
    "Fjölbrautaskóli Vesturlands": [64.3237,-22.0755],
    "Menntaskólinn á Egilsstöðum": [65.2674,-14.3990],
    "Fjölbrautaskóli Norðurlands Vestra": [65.74092,-19.64269],
    "Fjölbrautaskóli Snæfellinga": [64.9256,-23.2638],
    "Menntaskólinn á Tröllaskaga": [66.06978,-18.65306],
    "Kvennaskólinn í Reykjavík": [64.14413,-21.93915],
    "Myndlistaskólinn í Reykjavík": [64.15092, -21.96149]
}